{
    "accuracy": 0.5053191489361702,
    "f1_score": 0.6690391459074733,
    "precision": 0.5026737967914439,
    "recall": 1.0
}